w,k,h,est,n,issuers,quarters,mean_pp,se_pp,se_source,se_two_way_pp,se_issuer_pp,se_quarter_pp,se_hc1_pp,t,df,p_two,p_one,ci_low_pp,ci_high_pp,inference,status,p_holm_56,duplicate_of_earlier_row
7,2,1,mean,885,212,32,0.8132342064935082,0.21308872827763034,issuer,0.16852914750825962,0.21308872827763034,0.162967862908821,0.2039143676082454,3.8164111873339293,31,0.0006068339484605604,0.0003034169742302802,0.3786368798957707,1.2478315330912457,"floored SE = max(two-way CR1, issuer CR1, quarter CR1, HC1); df = min(issuers, quarters) - 1",ok,0.03398270111379138,False
7,2,1,wins100,885,212,32,0.8132342064935082,0.21308872827763034,issuer,0.16852914750825962,0.21308872827763034,0.162967862908821,0.2039143676082454,3.8164111873339293,31,0.0006068339484605604,0.0003034169742302802,0.3786368798957707,1.2478315330912457,"floored SE = max(two-way CR1, issuer CR1, quarter CR1, HC1); df = min(issuers, quarters) - 1",ok,0.03398270111379138,True
7,2,3,mean,665,212,32,1.159935439300372,0.3351130326946307,quarter,0.33159655826677864,0.3089322415437647,0.3351130326946307,0.3308956628225384,3.4613259591051317,31,0.0015892712384001232,0.0007946356192000616,0.4764679030569937,1.8434029755437504,"floored SE = max(two-way CR1, issuer CR1, quarter CR1, HC1); df = min(issuers, quarters) - 1",ok,0.08582064687360665,False
7,2,3,wins100,665,212,32,1.159935439300372,0.3351130326946307,quarter,0.33159655826677864,0.3089322415437647,0.3351130326946307,0.3308956628225384,3.4613259591051317,31,0.0015892712384001232,0.0007946356192000616,0.4764679030569937,1.8434029755437504,"floored SE = max(two-way CR1, issuer CR1, quarter CR1, HC1); df = min(issuers, quarters) - 1",ok,0.08582064687360665,True
14,2,5,wins100,704,219,32,1.4314570086354057,0.41383355083959406,hc1,0.33416663712150035,0.3930751268364556,0.3315346717842753,0.41383355083959406,3.4590163260838476,31,0.0015991039450444107,0.0007995519725222054,0.5874379171280821,2.2754761001427295,"floored SE = max(two-way CR1, issuer CR1, quarter CR1, HC1); df = min(issuers, quarters) - 1",ok,0.08582064687360665,False
7,3,3,mean,282,133,32,1.9180688410834776,0.5672460873468363,hc1,0.5139467456648352,0.5195159792693511,0.5622040095804794,0.5672460873468363,3.381369891954311,31,0.0019660070226750564,0.0009830035113375282,0.7611628185238538,3.0749748636431016,"floored SE = max(two-way CR1, issuer CR1, quarter CR1, HC1); df = min(issuers, quarters) - 1",ok,0.10026635815642787,False
7,3,3,wins100,282,133,32,1.9180688410834776,0.5672460873468363,hc1,0.5139467456648352,0.5195159792693511,0.5622040095804794,0.5672460873468363,3.381369891954311,31,0.0019660070226750564,0.0009830035113375282,0.7611628185238538,3.0749748636431016,"floored SE = max(two-way CR1, issuer CR1, quarter CR1, HC1); df = min(issuers, quarters) - 1",ok,0.10026635815642787,True
14,2,1,mean,1048,219,32,0.6970922249069718,0.20863764936690238,issuer,0.15990716802933788,0.20863764936690238,0.13662738931849042,0.18236515813908044,3.3411621872766184,31,0.002186593162564595,0.0010932965812822976,0.2715729335986353,1.122611516215308,"floored SE = max(two-way CR1, issuer CR1, quarter CR1, HC1); df = min(issuers, quarters) - 1",ok,0.10714306496566517,False
14,2,1,wins100,1048,219,32,0.6970922249069718,0.20863764936690238,issuer,0.15990716802933788,0.20863764936690238,0.13662738931849042,0.18236515813908044,3.3411621872766184,31,0.002186593162564595,0.0010932965812822976,0.2715729335986353,1.122611516215308,"floored SE = max(two-way CR1, issuer CR1, quarter CR1, HC1); df = min(issuers, quarters) - 1",ok,0.10714306496566517,True
14,3,3,mean,362,146,32,1.587346621721504,0.47697028736131797,hc1,0.43322746550267865,0.45431223409966615,0.46098085129406274,0.47697028736131797,3.327977997336018,31,0.0022639662753285755,0.0011319831376642878,0.6145593071165374,2.5601339363264706,"floored SE = max(two-way CR1, issuer CR1, quarter CR1, HC1); df = min(issuers, quarters) - 1",ok,0.10714306496566517,False
14,3,3,wins100,362,146,32,1.587346621721504,0.47697028736131797,hc1,0.43322746550267865,0.45431223409966615,0.46098085129406274,0.47697028736131797,3.327977997336018,31,0.0022639662753285755,0.0011319831376642878,0.6145593071165374,2.5601339363264706,"floored SE = max(two-way CR1, issuer CR1, quarter CR1, HC1); df = min(issuers, quarters) - 1",ok,0.10714306496566517,True
14,2,3,mean,790,219,32,0.9787686931065224,0.29481197919166524,hc1,0.2846060844329831,0.282803867713852,0.2767781137973835,0.29481197919166524,3.3199759921227567,31,0.0023122021001100485,0.0011561010500550242,0.3774956973863831,1.5800416888266617,"floored SE = max(two-way CR1, issuer CR1, quarter CR1, HC1); df = min(issuers, quarters) - 1",ok,0.10714306496566517,False
14,2,3,wins100,790,219,32,0.9787686931065224,0.29481197919166524,hc1,0.2846060844329831,0.282803867713852,0.2767781137973835,0.29481197919166524,3.3199759921227567,31,0.0023122021001100485,0.0011561010500550242,0.3774956973863831,1.5800416888266617,"floored SE = max(two-way CR1, issuer CR1, quarter CR1, HC1); df = min(issuers, quarters) - 1",ok,0.10714306496566517,True
14,2,5,mean,704,219,32,1.55438258400953,0.46993618079129534,hc1,0.37931957911111197,0.446053739599438,0.3778295466112432,0.46993618079129534,3.3076461178030705,31,0.00238846252766726,0.00119423126383363,0.5959414243375097,2.51282374368155,"floored SE = max(two-way CR1, issuer CR1, quarter CR1, HC1); df = min(issuers, quarters) - 1",ok,0.10714306496566517,False
7,2,2,mean,739,212,32,1.1111783932215222,0.3359564489251309,two_way,0.3359564489251309,0.3248081885829572,0.32224453644660966,0.28683396725414834,3.30750725808854,31,0.002389334969172184,0.001194667484586092,0.4259906982351298,1.7963660882079144,"floored SE = max(two-way CR1, issuer CR1, quarter CR1, HC1); df = min(issuers, quarters) - 1",ok,0.10714306496566517,False
7,2,2,wins100,739,212,32,1.1111783932215222,0.3359564489251309,two_way,0.3359564489251309,0.3248081885829572,0.32224453644660966,0.28683396725414834,3.30750725808854,31,0.002389334969172184,0.001194667484586092,0.4259906982351298,1.7963660882079144,"floored SE = max(two-way CR1, issuer CR1, quarter CR1, HC1); df = min(issuers, quarters) - 1",ok,0.10714306496566517,True
7,2,10,wins100,543,211,32,2.0326772280809378,0.6368940411096156,hc1,0.5018588356211009,0.6364852155025781,0.49243135772237034,0.6368940411096156,3.191546940115106,31,0.0032351041183821634,0.0016175520591910817,0.7337232673081305,3.3316311888537453,"floored SE = max(two-way CR1, issuer CR1, quarter CR1, HC1); df = min(issuers, quarters) - 1",ok,0.12940416473528654,False
7,2,5,wins100,592,212,32,1.5016103499786126,0.47051255601265596,hc1,0.4156147013074016,0.45068963171240317,0.4183935458552184,0.47051255601265596,3.191435235446133,31,0.003236042474681253,0.0016180212373406264,0.541993665292458,2.4612270346647676,"floored SE = max(two-way CR1, issuer CR1, quarter CR1, HC1); df = min(issuers, quarters) - 1",ok,0.12940416473528654,False
7,2,10,mean,543,211,32,2.1592981083079628,0.6836963503931424,hc1,0.5291916737943976,0.672069181410619,0.5267323833183127,0.6836963503931424,3.158270637346993,31,0.003526430861494343,0.0017632154307471715,0.7648902084289989,3.5537060081869263,"floored SE = max(two-way CR1, issuer CR1, quarter CR1, HC1); df = min(issuers, quarters) - 1",ok,0.13400437273678503,False
7,3,1,mean,364,133,32,1.2281841078932372,0.3906092639854653,issuer,0.28724366287173164,0.3906092639854653,0.3013776983921368,0.38621071677900065,3.1442779809209496,31,0.0036562646683825453,0.0018281323341912726,0.4315312617078765,2.0248369540785975,"floored SE = max(two-way CR1, issuer CR1, quarter CR1, HC1); df = min(issuers, quarters) - 1",ok,0.13528179273015417,False
7,3,1,wins100,364,133,32,1.2281841078932372,0.3906092639854653,issuer,0.28724366287173164,0.3906092639854653,0.3013776983921368,0.38621071677900065,3.1442779809209496,31,0.0036562646683825453,0.0018281323341912726,0.4315312617078765,2.0248369540785975,"floored SE = max(two-way CR1, issuer CR1, quarter CR1, HC1); df = min(issuers, quarters) - 1",ok,0.13528179273015417,True
7,2,5,mean,592,212,32,1.6477921152883828,0.539886684730348,hc1,0.46673663467167076,0.5101732454867016,0.4755232475954275,0.539886684730348,3.0521073438056536,31,0.004632286546445701,0.0023161432732228507,0.54668596225046,2.7488982683263052,"floored SE = max(two-way CR1, issuer CR1, quarter CR1, HC1); df = min(issuers, quarters) - 1",ok,0.16213002912559954,False
14,2,10,wins100,600,218,32,1.7924021318201513,0.5970506230138305,hc1,0.4447229540136757,0.5824949455865387,0.44714139857176094,0.5970506230138305,3.002094064942682,31,0.005260746261093515,0.0026303731305467575,0.5747093580040915,3.010094905636211,"floored SE = max(two-way CR1, issuer CR1, quarter CR1, HC1); df = min(issuers, quarters) - 1",ok,0.17886537287717952,False
14,2,10,mean,600,218,32,1.9069940284256082,0.6381034589599514,hc1,0.47104595484060074,0.6146625541170208,0.4790059355968547,0.6381034589599514,2.988534228499292,31,0.005444577640085746,0.002722288820042873,0.605573443684729,3.2084146131664872,"floored SE = max(two-way CR1, issuer CR1, quarter CR1, HC1); df = min(issuers, quarters) - 1",ok,0.1796710621228296,False
7,3,5,wins100,249,133,32,2.947744393555119,1.003163226540321,quarter,0.9457783124021384,0.8675578103808569,1.003163226540321,0.9439158815845261,2.938449412386467,31,0.006177627651860964,0.003088813825930482,0.9017795040957282,4.99370928301451,"floored SE = max(two-way CR1, issuer CR1, quarter CR1, HC1); df = min(issuers, quarters) - 1",ok,0.19768408485955086,False
14,3,5,wins100,327,146,32,2.2634937568948463,0.7719550011693124,quarter,0.7636200700218887,0.7364928736898815,0.7719550011693124,0.7615589933187408,2.9321576432126717,31,0.00627604478615988,0.00313802239307994,0.6890811519970789,3.837906361792613,"floored SE = max(two-way CR1, issuer CR1, quarter CR1, HC1); df = min(issuers, quarters) - 1",ok,0.19768408485955086,False
7,3,2,mean,306,133,32,1.8360456712438615,0.6286034640681173,quarter,0.6170712932957549,0.5988223445640737,0.6286034640681173,0.5417638359427631,2.9208328878138383,31,0.00645692759404099,0.003228463797020495,0.5540004538255752,3.118090888662148,"floored SE = max(two-way CR1, issuer CR1, quarter CR1, HC1); df = min(issuers, quarters) - 1",ok,0.19768408485955086,False
7,3,2,wins100,306,133,32,1.8360456712438615,0.6286034640681173,quarter,0.6170712932957549,0.5988223445640737,0.6286034640681173,0.5417638359427631,2.9208328878138383,31,0.00645692759404099,0.003228463797020495,0.5540004538255752,3.118090888662148,"floored SE = max(two-way CR1, issuer CR1, quarter CR1, HC1); df = min(issuers, quarters) - 1",ok,0.19768408485955086,True
7,3,10,wins100,236,131,32,3.193518874287729,1.1081677359987159,hc1,0.6424571610990724,0.9938261015539,0.794329964245921,1.1081677359987159,2.8818009860299973,31,0.007118740625991871,0.0035593703129959357,0.9333958758556835,5.453641872719775,"floored SE = max(two-way CR1, issuer CR1, quarter CR1, HC1); df = min(issuers, quarters) - 1",ok,0.1993247375277724,False
14,2,21,mean,536,215,32,2.6586582631963087,0.9229637463300565,hc1,0.7486505562486767,0.8127537391692089,0.8715204677029856,0.9229637463300565,2.8805662993458023,31,0.007140683117000049,0.0035703415585000243,0.7762612920197552,4.5410552343728625,"floored SE = max(two-way CR1, issuer CR1, quarter CR1, HC1); df = min(issuers, quarters) - 1",ok,0.1993247375277724,False
7,2,21,mean,498,207,32,2.7709589971462885,0.9810050442792944,hc1,0.7687591538098667,0.8651225839758012,0.9006617245398276,0.9810050442792944,2.8246123843144995,31,0.008204554710825953,0.0041022773554129765,0.7701860183559645,4.771731975936612,"floored SE = max(two-way CR1, issuer CR1, quarter CR1, HC1); df = min(issuers, quarters) - 1",ok,0.21331842248147478,False
14,3,21,mean,257,142,32,3.8812727817670534,1.3767483570808974,hc1,1.1597749549397767,1.2527736473349222,1.30576881702196,1.3767483570808974,2.819159188972245,31,0.008315838995264268,0.004157919497632134,1.0733759951964004,6.689169568337706,"floored SE = max(two-way CR1, issuer CR1, quarter CR1, HC1); df = min(issuers, quarters) - 1",ok,0.21331842248147478,False
14,2,21,wins100,536,215,32,2.4686340426734907,0.877753304819592,hc1,0.7283865144286257,0.7755098056638036,0.8409986930375696,0.877753304819592,2.8124463093657948,31,0.008454774023846156,0.004227387011923078,0.6784443748750483,4.258823710471933,"floored SE = max(two-way CR1, issuer CR1, quarter CR1, HC1); df = min(issuers, quarters) - 1",ok,0.21331842248147478,False
14,3,21,wins100,257,142,32,3.6289517075752875,1.2935894612158372,hc1,1.1218230998411394,1.188292132367941,1.2459747736889668,1.2935894612158372,2.8053349353700336,31,0.008604328739979074,0.004302164369989537,0.9906586073089033,6.2672448078416725,"floored SE = max(two-way CR1, issuer CR1, quarter CR1, HC1); df = min(issuers, quarters) - 1",ok,0.21331842248147478,False
7,3,10,mean,236,131,32,3.484854204640586,1.2461696508354576,hc1,0.8620950359484072,1.1503239858999144,0.9757401766205156,1.2461696508354576,2.7964524752342257,31,0.008794612864477473,0.004397306432238736,0.9432744452705543,6.026433964010618,"floored SE = max(two-way CR1, issuer CR1, quarter CR1, HC1); df = min(issuers, quarters) - 1",ok,0.21331842248147478,False
14,3,5,mean,327,146,32,2.528140867180423,0.9053821803488666,quarter,0.8890182179732831,0.8694290349657111,0.9053821803488666,0.899274913957876,2.7923466156648526,31,0.008883896325238628,0.004441948162619314,0.6816017362312119,4.374679998129634,"floored SE = max(two-way CR1, issuer CR1, quarter CR1, HC1); df = min(issuers, quarters) - 1",ok,0.21331842248147478,False
7,3,5,mean,249,133,32,3.2952930082675023,1.1882979139340848,quarter,1.1184641878927586,1.047730649023551,1.1882979139340848,1.1330429825810175,2.7731202500876337,31,0.009313387348603057,0.004656693674301529,0.8717434344741353,5.718842582060869,"floored SE = max(two-way CR1, issuer CR1, quarter CR1, HC1); df = min(issuers, quarters) - 1",ok,0.21331842248147478,False
7,2,21,wins100,498,207,32,2.566434936503255,0.93173734206405,hc1,0.744587067255691,0.8248409715725923,0.865113820763775,0.93173734206405,2.7544618216308776,31,0.00974869752790509,0.004874348763952545,0.6661440988539759,4.466725774152534,"floored SE = max(two-way CR1, issuer CR1, quarter CR1, HC1); df = min(issuers, quarters) - 1",ok,0.21331842248147478,False
7,3,21,mean,226,130,32,4.137984034659628,1.5038646020948085,hc1,1.2141324535469507,1.4179577921095554,1.3166744817779947,1.5038646020948085,2.751566882348067,31,0.009817917951950346,0.004908958975975173,1.0708319571276832,7.205136112191574,"floored SE = max(two-way CR1, issuer CR1, quarter CR1, HC1); df = min(issuers, quarters) - 1",ok,0.21331842248147478,False
14,3,10,wins100,276,144,32,2.721098120154215,0.9917748230689463,hc1,0.4716414876498954,0.8478141241899053,0.674876485634416,0.9917748230689463,2.7436652522939164,31,0.010009196602753768,0.005004598301376884,0.698360032707681,4.743836207600749,"floored SE = max(two-way CR1, issuer CR1, quarter CR1, HC1); df = min(issuers, quarters) - 1",ok,0.21331842248147478,False
7,3,21,wins100,226,130,32,3.8510525476362476,1.4053131937632974,hc1,1.1625032373909752,1.3450258749081225,1.2348187831389963,1.4053131937632974,2.7403518053676623,31,0.010090437834399254,0.005045218917199627,0.9848973925577219,6.717207702714773,"floored SE = max(two-way CR1, issuer CR1, quarter CR1, HC1); df = min(issuers, quarters) - 1",ok,0.21331842248147478,False
14,3,10,mean,276,144,32,2.9702109388617317,1.105403800063418,hc1,0.6275854213570407,0.953802200258542,0.8216562641547999,1.105403800063418,2.686991793126935,31,0.011486465423824031,0.0057432327119120155,0.7157250249347044,5.2246968527887585,"floored SE = max(two-way CR1, issuer CR1, quarter CR1, HC1); df = min(issuers, quarters) - 1",ok,0.21331842248147478,False
14,2,2,mean,881,219,32,0.8650573748393768,0.32723893858303943,two_way,0.32723893858303943,0.3138141951752086,0.29697139325910576,0.2539375802606799,2.6435037914042794,31,0.01275499907675523,0.006377499538377615,0.19764915941477973,1.532465590263974,"floored SE = max(two-way CR1, issuer CR1, quarter CR1, HC1); df = min(issuers, quarters) - 1",ok,0.21331842248147478,False
14,2,2,wins100,881,219,32,0.8650573748393768,0.32723893858303943,two_way,0.32723893858303943,0.3138141951752086,0.29697139325910576,0.2539375802606799,2.6435037914042794,31,0.01275499907675523,0.006377499538377615,0.19764915941477973,1.532465590263974,"floored SE = max(two-way CR1, issuer CR1, quarter CR1, HC1); df = min(issuers, quarters) - 1",ok,0.21331842248147478,True
14,3,1,mean,483,146,32,0.9834153479873782,0.3723154251880496,issuer,0.3128001904219869,0.3723154251880496,0.289798556156513,0.31709684318521103,2.6413499991053913,31,0.012821084776983266,0.006410542388491633,0.2240730320155552,1.742757663959201,"floored SE = max(two-way CR1, issuer CR1, quarter CR1, HC1); df = min(issuers, quarters) - 1",ok,0.21331842248147478,False
14,3,1,wins100,483,146,32,0.9834153479873782,0.3723154251880496,issuer,0.3128001904219869,0.3723154251880496,0.289798556156513,0.31709684318521103,2.6413499991053913,31,0.012821084776983266,0.006410542388491633,0.2240730320155552,1.742757663959201,"floored SE = max(two-way CR1, issuer CR1, quarter CR1, HC1); df = min(issuers, quarters) - 1",ok,0.21331842248147478,True
14,3,2,mean,401,146,32,1.382503129446967,0.5840532216013615,two_way,0.5840532216013615,0.5446864088498424,0.5547298679131287,0.4372215388372939,2.367084159995573,31,0.024353723752023507,0.012176861876011753,0.19131873057984927,2.573687528314085,"floored SE = max(two-way CR1, issuer CR1, quarter CR1, HC1); df = min(issuers, quarters) - 1",ok,0.24353723752023507,False
14,3,2,wins100,401,146,32,1.382503129446967,0.5840532216013615,two_way,0.5840532216013615,0.5446864088498424,0.5547298679131287,0.4372215388372939,2.367084159995573,31,0.024353723752023507,0.012176861876011753,0.19131873057984927,2.573687528314085,"floored SE = max(two-way CR1, issuer CR1, quarter CR1, HC1); df = min(issuers, quarters) - 1",ok,0.24353723752023507,True
14,3,63,mean,236,138,30,-0.2778564931448288,3.032383788276877,quarter,2.839272799776843,2.4510690734300136,3.032383788276877,2.6723811499441568,-0.09162972517496477,29,0.9276222617396555,0.5361888691301723,-6.479777703251356,5.9240647169616985,"floored SE = max(two-way CR1, issuer CR1, quarter CR1, HC1); df = min(issuers, quarters) - 1",ok,1.0,False
7,2,63,mean,441,202,31,-0.417799135513743,2.1489305232056646,quarter,2.0478633376903286,1.63921295236782,2.1489305232056646,1.7638529550161492,-0.19442189079733097,30,0.8471561607194509,0.5764219196402747,-4.806500753561679,3.9709024825341923,"floored SE = max(two-way CR1, issuer CR1, quarter CR1, HC1); df = min(issuers, quarters) - 1",ok,1.0,False
14,2,63,mean,469,209,31,-0.6591162263137541,1.9529292440615482,quarter,1.8485797403286448,1.5765428239024608,1.9529292440615482,1.6976963366738071,-0.33750133463257287,30,0.7380891589532602,0.6309554205233698,-4.647529830565851,3.3292973779383424,"floored SE = max(two-way CR1, issuer CR1, quarter CR1, HC1); df = min(issuers, quarters) - 1",ok,1.0,False
7,2,63,wins100,441,202,31,-1.2410145055004007,1.9668068236026053,quarter,1.8654443321899514,1.4973485732053633,1.9668068236026053,1.6218813996560524,-0.6309793573052748,30,0.5328321666614051,0.7335839166692975,-5.257769908209328,2.7757408972085265,"floored SE = max(two-way CR1, issuer CR1, quarter CR1, HC1); df = min(issuers, quarters) - 1",ok,1.0,False
7,3,63,mean,208,126,30,-1.8349325244110672,2.8908756524468613,quarter,2.764710302209989,2.6468133084455236,2.8908756524468613,2.7783375735371623,-0.6347324288604268,29,0.5305791341513233,0.7347104329243384,-7.747437100515106,4.0775720516929725,"floored SE = max(two-way CR1, issuer CR1, quarter CR1, HC1); df = min(issuers, quarters) - 1",ok,1.0,False
14,3,63,wins100,236,138,30,-1.8088227341683256,2.5362284099927423,quarter,2.3276768742295793,2.087915713145714,2.5362284099927423,2.31813868050035,-0.7131939406725208,29,0.481425939876726,0.759287030061637,-6.995992257504577,3.378346789167926,"floored SE = max(two-way CR1, issuer CR1, quarter CR1, HC1); df = min(issuers, quarters) - 1",ok,1.0,False
14,2,63,wins100,469,209,31,-1.448633820574892,1.81981493631894,quarter,1.7150449285141367,1.4442204796081068,1.81981493631894,1.5672013557124493,-0.7960335920229007,30,0.43226671740442313,0.7838666412977884,-5.165191740584653,2.267924099434869,"floored SE = max(two-way CR1, issuer CR1, quarter CR1, HC1); df = min(issuers, quarters) - 1",ok,1.0,False
7,3,63,wins100,208,126,30,-3.2119771914421364,2.505103944382758,quarter,2.3702401829077204,2.2846756489201385,2.505103944382758,2.424304037916922,-1.2821732202547578,29,0.20993728687768004,0.89503135656116,-8.335490035117306,1.9115356522330353,"floored SE = max(two-way CR1, issuer CR1, quarter CR1, HC1); df = min(issuers, quarters) - 1",ok,1.0,False
