dimension,year,transaction_code,status,count,total,percent
overall,,,consistent,289380,961584,30.09409474367294
overall,,,first_observation,18358,961584,1.9091415830546266
overall,,,inconsistent,129697,961584,13.487849215461155
overall,,,not_comparable,524149,961584,54.50891445781128
year,2006,,consistent,13654,44778,30.492652641922373
year,2006,,first_observation,3318,44778,7.409888784671044
year,2006,,inconsistent,5239,44778,11.699941935772031
year,2006,,not_comparable,22567,44778,50.39751663763455
year,2007,,consistent,23520,60006,39.196080391960805
year,2007,,first_observation,811,60006,1.3515315135153152
year,2007,,inconsistent,7757,60006,12.927040629270406
year,2007,,not_comparable,27918,60006,46.525347465253475
year,2008,,consistent,16626,54944,30.25990099009901
year,2008,,first_observation,497,54944,0.904557367501456
year,2008,,inconsistent,6716,54944,12.223354688410017
year,2008,,not_comparable,31105,54944,56.612186953989514
year,2009,,consistent,8520,29456,28.92449755567626
year,2009,,first_observation,418,29456,1.4190657251493752
year,2009,,inconsistent,2930,29456,9.947039652362847
year,2009,,not_comparable,17588,29456,59.70939706681151
year,2010,,consistent,8445,29318,28.804829797394092
year,2010,,first_observation,404,29318,1.3779930418173136
year,2010,,inconsistent,2951,29318,10.065488778224982
year,2010,,not_comparable,17518,29318,59.751688382563614
year,2011,,consistent,9103,30900,29.459546925566343
year,2011,,first_observation,379,30900,1.226537216828479
year,2011,,inconsistent,3477,30900,11.25242718446602
year,2011,,not_comparable,17941,30900,58.06148867313916
year,2012,,consistent,9585,33971,28.21524241264608
year,2012,,first_observation,472,33971,1.3894203879779812
year,2012,,inconsistent,4278,33971,12.593094109681788
year,2012,,not_comparable,19636,33971,57.80224308969415
year,2013,,consistent,11589,44623,25.970911861596036
year,2013,,first_observation,660,44623,1.4790578849472245
year,2013,,inconsistent,5096,44623,11.420119669228873
year,2013,,not_comparable,27278,44623,61.129910584227865
year,2014,,consistent,14426,61070,23.62207303094809
year,2014,,first_observation,869,61070,1.4229572621581792
year,2014,,inconsistent,6979,61070,11.427869657769772
year,2014,,not_comparable,38796,61070,63.52710004912396
year,2015,,consistent,15299,50588,30.242349964418437
year,2015,,first_observation,818,50588,1.6169842650430932
year,2015,,inconsistent,7939,50588,15.693445085791097
year,2015,,not_comparable,26532,50588,52.44722068474737
year,2016,,consistent,11533,41543,27.761596418169127
year,2016,,first_observation,772,41543,1.8583154803456658
year,2016,,inconsistent,5344,41543,12.863779698144091
year,2016,,not_comparable,23894,41543,57.516308403341114
year,2017,,consistent,12191,41094,29.666131308706866
year,2017,,first_observation,829,41094,2.017326130335329
year,2017,,inconsistent,5428,41094,13.208740935416362
year,2017,,not_comparable,22646,41094,55.10780162554144
year,2018,,consistent,14075,53166,26.473686190422452
year,2018,,first_observation,929,53166,1.7473573336342776
year,2018,,inconsistent,6075,53166,11.42647556709175
year,2018,,not_comparable,32087,53166,60.35248090885152
year,2019,,consistent,14709,52199,28.178700741393513
year,2019,,first_observation,1023,52199,1.9598076591505584
year,2019,,inconsistent,6192,52199,11.862296212571122
year,2019,,not_comparable,30275,52199,57.99919538688481
year,2020,,consistent,18477,65227,28.327226455302252
year,2020,,first_observation,1314,65227,2.0145031965290445
year,2020,,inconsistent,9339,65227,14.317690526929033
year,2020,,not_comparable,36097,65227,55.34057982123967
year,2021,,consistent,20347,69717,29.18513418534934
year,2021,,first_observation,1663,69717,2.3853579471291075
year,2021,,inconsistent,10967,69717,15.730739991680652
year,2021,,not_comparable,36740,69717,52.6987678758409
year,2022,,consistent,17904,52734,33.9515303219934
year,2022,,first_observation,878,52734,1.6649599878636174
year,2022,,inconsistent,7855,52734,14.895513331057762
year,2022,,not_comparable,26097,52734,49.48799635908522
year,2023,,consistent,17291,52477,32.9496731901595
year,2023,,first_observation,863,52477,1.6445299845646664
year,2023,,inconsistent,7830,52477,14.920822455551956
year,2023,,not_comparable,26493,52477,50.48497436972388
year,2024,,consistent,16672,50280,33.15831344470963
year,2024,,first_observation,828,50280,1.6467780429594272
year,2024,,inconsistent,9075,50280,18.048926014319807
year,2024,,not_comparable,23705,50280,47.145982498011136
year,2025,,consistent,15414,43493,35.44018577702159
year,2025,,first_observation,613,43493,1.4094222058722092
year,2025,,inconsistent,8230,43493,18.92258524360242
year,2025,,not_comparable,19236,43493,44.22780677350378
transaction_code,,,not_comparable,1,1,100.0
transaction_code,,A,consistent,27174,158549,17.139180947215056
transaction_code,,A,first_observation,9765,158549,6.158979243010047
transaction_code,,A,inconsistent,13570,158549,8.55886823631811
transaction_code,,A,not_comparable,108040,158549,68.14297157345679
transaction_code,,C,consistent,1813,50410,3.59650862924023
transaction_code,,C,first_observation,41,50410,0.0813330688355485
transaction_code,,C,inconsistent,2199,50410,4.362229716326126
transaction_code,,C,not_comparable,46357,50410,91.95992858559809
transaction_code,,D,consistent,7492,26241,28.5507412065089
transaction_code,,D,first_observation,78,26241,0.29724476963530355
transaction_code,,D,inconsistent,1636,26241,6.234518501581495
transaction_code,,D,not_comparable,17035,26241,64.91749552227431
transaction_code,,E,consistent,7,89,7.865168539325842
transaction_code,,E,first_observation,1,89,1.1235955056179776
transaction_code,,E,inconsistent,3,89,3.3707865168539324
transaction_code,,E,not_comparable,78,89,87.64044943820225
transaction_code,,F,consistent,13323,22912,58.14856843575419
transaction_code,,F,first_observation,39,22912,0.1702164804469274
transaction_code,,F,inconsistent,6224,22912,27.164804469273744
transaction_code,,F,not_comparable,3326,22912,14.516410614525139
transaction_code,,G,consistent,2404,7396,32.5040562466198
transaction_code,,G,first_observation,78,7396,1.0546241211465657
transaction_code,,G,inconsistent,1942,7396,26.25743645213629
transaction_code,,G,not_comparable,2972,7396,40.18388318009735
transaction_code,,H,consistent,47,323,14.551083591331269
transaction_code,,H,inconsistent,4,323,1.238390092879257
transaction_code,,H,not_comparable,272,323,84.21052631578948
transaction_code,,I,consistent,28,101,27.722772277227723
transaction_code,,I,first_observation,6,101,5.9405940594059405
transaction_code,,I,inconsistent,14,101,13.861386138613861
transaction_code,,I,not_comparable,53,101,52.475247524752476
transaction_code,,J,consistent,3372,21120,15.965909090909092
transaction_code,,J,first_observation,261,21120,1.2357954545454546
transaction_code,,J,inconsistent,1825,21120,8.641098484848484
transaction_code,,J,not_comparable,15662,21120,74.15719696969697
transaction_code,,L,consistent,62,139,44.60431654676259
transaction_code,,L,first_observation,3,139,2.158273381294964
transaction_code,,L,inconsistent,39,139,28.057553956834532
transaction_code,,L,not_comparable,35,139,25.179856115107913
transaction_code,,M,consistent,65444,132060,49.55626230501287
transaction_code,,M,first_observation,201,132060,0.1522035438437074
transaction_code,,M,inconsistent,34098,132060,25.820081781008632
transaction_code,,M,not_comparable,32317,132060,24.471452370134788
transaction_code,,O,consistent,9,106,8.49056603773585
transaction_code,,O,first_observation,1,106,0.9433962264150944
transaction_code,,O,inconsistent,30,106,28.30188679245283
transaction_code,,O,not_comparable,66,106,62.264150943396224
transaction_code,,P,consistent,18779,122612,15.31579290770887
transaction_code,,P,first_observation,330,122612,0.2691416827064235
transaction_code,,P,inconsistent,6641,122612,5.416272469252601
transaction_code,,P,not_comparable,96862,122612,78.99879294033211
transaction_code,,S,consistent,88160,206098,42.77576686818892
transaction_code,,S,first_observation,185,206098,0.08976312239808247
transaction_code,,S,inconsistent,48984,206098,23.76733398674417
transaction_code,,S,not_comparable,68769,206098,33.36713602266883
transaction_code,,U,consistent,622,2739,22.70901788974078
transaction_code,,U,first_observation,6,2739,0.21905805038335158
transaction_code,,U,inconsistent,342,2739,12.48630887185104
transaction_code,,U,not_comparable,1769,2739,64.58561518802483
transaction_code,,W,consistent,12,68,17.647058823529413
transaction_code,,W,first_observation,1,68,1.4705882352941178
transaction_code,,W,inconsistent,7,68,10.294117647058824
transaction_code,,W,not_comparable,48,68,70.58823529411765
transaction_code,,X,consistent,536,6241,8.588367248838328
transaction_code,,X,first_observation,13,6241,0.20829995193078032
transaction_code,,X,inconsistent,349,6241,5.59205255568018
transaction_code,,X,not_comparable,5343,6241,85.61128024355071
transaction_code,,Z,not_comparable,8,8,100.0
transaction_code,,,consistent,60096,204371,29.40534615968019
transaction_code,,,first_observation,7349,204371,3.5959113572865036
transaction_code,,,inconsistent,11790,204371,5.768920247980389
transaction_code,,,not_comparable,125136,204371,61.22982223505292
