signal,dimension,group,horizon,N,mean,median,hit_rate,clustered_se,ci_low,ci_high,t,p_two_sided,df,issuer_clusters,month_clusters
S1,buyer_role,senior_executive,1,1498,0.007163227636849131,-0.00021700000000007824,0.49732977303070763,0.002153381599637257,0.002915905325267148,0.011410549948431114,3.3265017394296468,0.0010537625521221444,192,289,193
S1,buyer_role,senior_executive,2,1497,0.009534929841331993,-0.0007352442239998425,0.4969939879759519,0.0029097494556452057,0.003795750224418178,0.015274109458245807,3.2768903256716047,0.0012456123714388997,192,289,193
S1,buyer_role,senior_executive,3,1497,0.012102266929605742,5.199896138419202e-05,0.5003340013360054,0.0035562414845518938,0.005087948703214709,0.019116585155996776,3.403106055136381,0.0008108684822955107,192,289,193
S1,buyer_role,senior_executive,5,1497,0.016352764526718536,-0.004014166300083444,0.47762191048764197,0.0048985520231856995,0.006690877703674044,0.026014651349763027,3.338285364597141,0.0010124352162826059,192,289,193
S1,buyer_role,senior_executive,10,1491,0.011572783849898337,-0.01213665918510709,0.4607645875251509,0.0071286907652639755,-0.002487820803161997,0.02563338850295867,1.6234094353326598,0.10614258581038917,192,289,193
S1,buyer_role,senior_executive,21,1480,0.016134609994782237,-0.0374350499840832,0.4135135135135135,0.014290200461818118,-0.012052267242266455,0.04432148723183093,1.1290681357404455,0.26028516223894843,191,286,192
S1,buyer_role,senior_executive,42,1457,0.00648582550367669,-0.07248883870773604,0.3939601921757035,0.019894739531876083,-0.03275710889646544,0.04572875990381882,0.3260070579604655,0.7447777948414782,190,283,191
S1,buyer_role,senior_executive,63,1451,0.000588338291034056,-0.10211374498063441,0.35630599586492073,0.031030849056002154,-0.06062296185702564,0.06179963843909376,0.018959787080665022,0.9848931853811129,189,282,190
S1,buyer_role,senior_executive,126,1426,-0.01714357810766734,-0.20968506285812116,0.3225806451612903,0.05032916162711833,-0.11643295390277494,0.08214579768744026,-0.3406291214362301,0.7337672243886908,186,277,187
S1,buyer_role,other_officers,1,243,0.00341506172839506,-0.003534000000000037,0.4691358024691358,0.0034573354552193793,-0.0034450418889032204,0.010275165345693341,0.987772743671575,0.32567198657324214,99,116,100
S1,buyer_role,other_officers,2,242,0.012053726956921472,0.0005728909420002481,0.5082644628099173,0.004448667041691333,0.003226606401179546,0.0208808475126634,2.709514298093836,0.007941821164676437,99,115,100
S1,buyer_role,other_officers,3,242,0.015788597635681002,-0.002335376803014544,0.49173553719008267,0.006577476619054451,0.002737457030001141,0.028839738241360866,2.4004034601875484,0.01824558107752997,99,115,100
S1,buyer_role,other_officers,5,242,0.022372887001546552,-0.006619210277447052,0.48760330578512395,0.008774981871454578,0.0049614192230249925,0.039784354780068115,2.5496220196564265,0.012318042100283602,99,115,100
S1,buyer_role,other_officers,10,241,0.07525500781603146,-0.002999852296388328,0.4979253112033195,0.04165229983457209,-0.00739219158504878,0.1579022072171117,1.8067431597995118,0.07384015993250484,99,115,100
S1,buyer_role,other_officers,21,236,0.07578865034922165,-0.015018894580019204,0.4745762711864407,0.042260208013120894,-0.00807535707011886,0.15965265776856216,1.7933809110852197,0.07599653941641925,98,113,99
S1,buyer_role,other_officers,42,234,0.027349686488482357,-0.029427837848583993,0.4658119658119658,0.03621001660978638,-0.04451717304338778,0.09921654602035249,0.7553072063792049,0.4518948065055557,97,112,98
S1,buyer_role,other_officers,63,234,0.05436840996444332,-0.03381906751746688,0.46153846153846156,0.04543326583766045,-0.03580404616049519,0.14454086608938183,1.1966652399303501,0.23435369424669894,97,112,98
S1,buyer_role,other_officers,126,232,0.020353477668033745,-0.19962875304431743,0.3620689655172414,0.06540164405450453,-0.10946775972849365,0.15017471506456115,0.31120743159103964,0.7563177080495729,96,111,97
S1,buyer_role,directors_only,1,1157,0.004539143474503022,-0.0016169999999999796,0.48314606741573035,0.0020506129247648834,0.0004945217366561705,0.008583765212349874,2.2135545034777664,0.02803703341279546,192,234,193
S1,buyer_role,directors_only,2,1157,0.00809330344743993,0.00015530552599996028,0.5012964563526361,0.003117467624342322,0.0019444212434060115,0.014242185651473848,2.596114674694445,0.010157659566615964,192,234,193
S1,buyer_role,directors_only,3,1157,0.008555713275043886,-0.00319127346213377,0.4701815038893691,0.0032851095824711638,0.00207617466099984,0.015035251889087933,2.604392048501471,0.009923874192125225,192,234,193
S1,buyer_role,directors_only,5,1156,0.008092121032932808,-0.005574435378362108,0.47837370242214533,0.004824526052762235,-0.0014237572257824183,0.017607999291648035,1.6772882858202713,0.09511332533496585,192,234,193
S1,buyer_role,directors_only,10,1154,0.02948555194172797,-0.009696151563046984,0.4714038128249567,0.01985033397852431,-0.009667177148899826,0.06863828103235577,1.4853932419287157,0.13907972983024608,192,234,193
S1,buyer_role,directors_only,21,1151,0.00617209743110756,-0.0322572258890107,0.4300608166811468,0.016734520844626614,-0.02683610885183705,0.03918030371405217,0.36882426980808325,0.7126672197329511,191,234,192
S1,buyer_role,directors_only,42,1123,0.0048745392762386385,-0.056536974559441955,0.4238646482635797,0.023447781117611213,-0.041378438372095774,0.051127516924573055,0.20788914958684335,0.8355393637870301,189,232,190
S1,buyer_role,directors_only,63,1109,-0.009046476686112172,-0.10466686944213166,0.3742110009017133,0.027989202084244717,-0.0642597314271349,0.04616677805491056,-0.3232130969251348,0.7468930857076246,188,232,189
S1,buyer_role,directors_only,126,1095,-0.015667851452746396,-0.19195569707964277,0.3269406392694064,0.047798857335172314,-0.10996544265226812,0.07862973974677534,-0.32778715488701365,0.7434412637946948,186,228,187
S1,buyer_role,ten_percent_owners_only,1,537,0.0028068305400372378,-0.006163999999999947,0.4376163873370577,0.004299150359055658,-0.005700412172990873,0.011314073253065347,0.6528802915964492,0.5150135779266203,127,128,148
S1,buyer_role,ten_percent_owners_only,2,535,0.01453211391797569,-0.004847225143999934,0.47289719626168225,0.0072463533309204305,0.00019288839155308206,0.0288713394443983,2.0054382189682465,0.0470416357086999,127,128,148
S1,buyer_role,ten_percent_owners_only,3,535,0.008737109604853069,-0.00390844151748948,0.47289719626168225,0.006316154979664904,-0.0037614212529774906,0.021235640462683628,1.383295633654101,0.16900113450755883,127,128,148
S1,buyer_role,ten_percent_owners_only,5,533,0.015456939362670716,-0.012837402575624934,0.4446529080675422,0.010463620445268447,-0.005248677177908976,0.036162555903250404,1.4772075729925966,0.1420955275088764,127,128,147
S1,buyer_role,ten_percent_owners_only,10,531,0.00973187310667469,-0.016849891429701724,0.4444444444444444,0.015125179095776695,-0.020200411673359148,0.03966415788670853,0.6434220080998616,0.5211196354459775,126,127,147
S1,buyer_role,ten_percent_owners_only,21,524,0.004967032294914935,-0.04207146157638442,0.3969465648854962,0.020584259719473846,-0.03577824769727983,0.0457123122871097,0.24130244966817282,0.8097225091399387,123,124,145
S1,buyer_role,ten_percent_owners_only,42,508,0.0011736618972565175,-0.047730311455026764,0.41732283464566927,0.03616310085276614,-0.07043288963248691,0.07278021342699993,0.03245468086475619,0.9741638286658604,119,120,143
S1,buyer_role,ten_percent_owners_only,63,496,0.0289351371779267,-0.06219263861918245,0.43548387096774194,0.04856975132040636,-0.06727219250529282,0.12514246686114622,0.5957439845027523,0.5525169523272173,115,116,142
S1,buyer_role,ten_percent_owners_only,126,473,0.17864231590146895,-0.10052142697375555,0.42071881606765327,0.10514030633463316,-0.029764011336606305,0.38704864313954424,1.699084985855936,0.0921820206621962,108,109,140
S1,reported_dollar_tercile,low,1,1733,0.0016801794575879963,-0.0012920000000000709,0.4835545297172533,0.0013693632027943533,-0.0010205711275923241,0.0043809300427683166,1.2269786818861383,0.22131754330323133,194,274,195
S1,reported_dollar_tercile,low,2,1732,0.004408162815296767,-0.0018506706910000337,0.4884526558891455,0.002307828670618052,-0.0001434927425192252,0.008959818373112759,1.910091018202071,0.057596531086728596,194,274,195
S1,reported_dollar_tercile,low,3,1732,0.004425510905353093,-0.004318030345726309,0.4693995381062356,0.002717834638692033,-0.0009347861114590199,0.009785807922165206,1.6283223571993641,0.1050794160396544,194,274,195
S1,reported_dollar_tercile,low,5,1731,0.006679157823863068,-0.006254120805861074,0.4725592143269786,0.0038371202508760485,-0.0008886698655429003,0.014246985513269035,1.740669404962786,0.0833270496124845,194,274,195
S1,reported_dollar_tercile,low,10,1726,0.014103958709341734,-0.011431925712437785,0.4600231749710313,0.01229902970446969,-0.01015301825901414,0.038360935677697605,1.1467537723090546,0.2528957753922662,194,274,195
S1,reported_dollar_tercile,low,21,1718,0.008191634089847568,-0.04106841389688615,0.4109429569266589,0.01603958370653262,-0.02344374492108002,0.03982701310077516,0.5107136344512028,0.6101352587837189,193,273,194
S1,reported_dollar_tercile,low,42,1690,-0.0018077022087011388,-0.06730408438854707,0.40710059171597635,0.021229752443907686,-0.043681191440503135,0.04006578702310085,-0.085149471878081,0.9322312835385071,192,272,193
S1,reported_dollar_tercile,low,63,1676,-0.006427435235906573,-0.09812525980354753,0.383054892601432,0.026709774064211253,-0.059111449332755986,0.04625657886094284,-0.24063982048125113,0.8100923851663285,191,271,192
S1,reported_dollar_tercile,low,126,1653,-0.020152699651682735,-0.21872883127920595,0.3218390804597701,0.048430618854886906,-0.11568997463550466,0.0753845753321392,-0.41611484899803675,0.6778005948112011,188,268,189
S1,reported_dollar_tercile,middle,1,1214,0.006078155683690276,-0.0021050000000000235,0.47364085667215816,0.0021465713097162326,0.001843839681214059,0.010312471686166494,2.8315647638530033,0.005133830450336473,189,281,190
S1,reported_dollar_tercile,middle,2,1213,0.010601470757664454,-0.0010810192660000162,0.4921681780708986,0.0032314925626730265,0.004227044430398331,0.016975897084930577,3.2806731106616343,0.0012331545323653644,189,281,190
S1,reported_dollar_tercile,middle,3,1213,0.015133213870108037,-0.001557328076736919,0.4888705688375927,0.004125248322161494,0.006995769329760704,0.02327065841045537,3.668437070517668,0.000317238222854248,189,281,190
S1,reported_dollar_tercile,middle,5,1212,0.016445715415253574,-0.007335720403318813,0.46864686468646866,0.005426063375523217,0.005742289501830106,0.027149141328677042,3.030874185775202,0.002780276625523155,189,281,190
S1,reported_dollar_tercile,middle,10,1206,0.02801460612702467,-0.013307498305442422,0.4635157545605307,0.013377450171317948,0.0016263137482227102,0.05440289850582663,2.094166359676649,0.03757863315426579,189,280,190
S1,reported_dollar_tercile,middle,21,1192,0.017984454085666395,-0.02921306936659518,0.4354026845637584,0.015404369480372816,-0.01240317088787388,0.048372079059206666,1.167490438903127,0.2444909499162881,188,278,189
S1,reported_dollar_tercile,middle,42,1166,0.01586313575396376,-0.047803796516362185,0.4236706689536878,0.023761342126635266,-0.031013242702068407,0.06273951420999593,0.6676026829386033,0.5052147127358038,186,274,187
S1,reported_dollar_tercile,middle,63,1155,0.012059812550564462,-0.09687570667180934,0.37316017316017314,0.028769512410434905,-0.04469869385102622,0.06881831895215514,0.41918724163675025,0.675565615107872,185,271,186
S1,reported_dollar_tercile,middle,126,1135,0.03433141702408398,-0.16057636162203148,0.35330396475770925,0.05133621119372096,-0.06695924387281071,0.13562207792097866,0.6687563461692149,0.5044982636565677,182,268,183
S1,reported_dollar_tercile,high,1,584,0.014728443493150683,0.0001174999999999371,0.5,0.005126779422718733,0.004608095256391841,0.024848791729909524,2.872845168232376,0.004586731129477528,170,206,171
S1,reported_dollar_tercile,high,2,582,0.0267005014709536,0.0038443514145001245,0.5257731958762887,0.0074514787411625065,0.011991157939380482,0.041409845002526716,3.5832486944447823,0.00044293342044185923,170,205,171
S1,reported_dollar_tercile,high,3,582,0.02322347915308802,0.00438902461677837,0.5292096219931272,0.006279052814175545,0.010828523989840808,0.03561843431633523,3.6985640733358474,0.0002923991066557545,170,205,171
S1,reported_dollar_tercile,high,5,581,0.0343019312182952,-0.003588901205365369,0.4939759036144578,0.010086523803085584,0.014390120065977417,0.05421374237061299,3.4007683804604563,0.0008385915316907294,169,205,170
S1,reported_dollar_tercile,high,10,580,0.03640361456616839,-0.004916886849668012,0.4827586206896552,0.011803212631293173,0.013102887230050354,0.05970434190228643,3.084212383809269,0.0023846108651714958,169,204,170
S1,reported_dollar_tercile,high,21,576,0.0302874964110723,-0.025262360734084832,0.4305555555555556,0.015203837366176493,0.0002735942644032409,0.06030139855774136,1.9920955270445049,0.04797097478101357,169,202,170
S1,reported_dollar_tercile,high,42,561,0.007991401679862264,-0.05663169416196978,0.40819964349376114,0.019790478337775922,-0.03107866758010879,0.04706147093983332,0.4038003298085188,0.6868730759908345,168,198,169
S1,reported_dollar_tercile,high,63,554,0.030088356093028703,-0.081325780362413,0.4043321299638989,0.0327380163205973,-0.034545358719251365,0.09472207090530878,0.9190647288576996,0.3593872723923841,167,195,168
S1,reported_dollar_tercile,high,126,525,0.08164455837853092,-0.14096047627111075,0.3676190476190476,0.06326093437568467,-0.043260717054719594,0.20654983381178144,1.2905999442510967,0.19864796147870156,165,183,166
S2,buyer_role,senior_executive,1,4666,0.0034357655379339885,-0.0009400000000000519,0.48585512216030863,0.0011050112045276543,0.0012569941182058687,0.005614536957662108,3.109258552181499,0.002144905458648463,203,512,204
S2,buyer_role,senior_executive,2,4664,0.005264771356171522,-0.0016035699865001307,0.4841337907375643,0.0013838809419510453,0.0025361472189002433,0.007993395493442801,3.8043528143028382,0.00018811247755422098,203,512,204
S2,buyer_role,senior_executive,3,4664,0.007103563644663045,-0.0009618728776157326,0.49120926243567753,0.00172022656401913,0.0037117605047626775,0.010495366784563413,4.129434920517858,5.31093119435017e-05,203,512,204
S2,buyer_role,senior_executive,5,4662,0.009190526932271306,-0.004333490071344204,0.4695409695409695,0.0024158803862596393,0.004427090039055167,0.013953963825487446,3.8042143909700927,0.00018821064149307585,203,512,204
S2,buyer_role,senior_executive,10,4651,0.009352211037772383,-0.007146531076050011,0.4719415179531284,0.003156030156562484,0.003129406891765811,0.015575015183778955,2.9632831670907467,0.003407423284464138,203,512,204
S2,buyer_role,senior_executive,21,4632,0.01142646816585578,-0.02191012931148062,0.442573402417962,0.005930242349278309,-0.00026664958405043897,0.023119585915762,1.9268130192430235,0.0554060940099165,202,511,203
S2,buyer_role,senior_executive,42,4596,0.009487719470798517,-0.038381542032483174,0.43124456048738036,0.009827748011297068,-0.00989099283728815,0.028866431778885183,0.9654011742967273,0.3355039984686866,201,508,202
S2,buyer_role,senior_executive,63,4575,0.018542532166090312,-0.05722915444924315,0.42273224043715846,0.016628468786177165,-0.014247082638148525,0.051332146970329146,1.1151076148096246,0.2661424281476649,200,507,201
S2,buyer_role,senior_executive,126,4489,0.023137891648646526,-0.12154384382589445,0.39630207173089776,0.027361580414955823,-0.03082130741866447,0.07709709071595752,0.845634327321216,0.39878269930940724,197,502,198
S2,buyer_role,other_officers,1,720,0.0008766527777777802,-0.003174499999999969,0.4666666666666667,0.0020179970093894333,-0.003106411877270231,0.004859717432825791,0.43441728292898757,0.6645267908344203,173,287,174
S2,buyer_role,other_officers,2,719,0.004359044598450629,-0.0008294503080004123,0.48678720445062584,0.00266017418631531,-0.0008915309616139722,0.00960962015851523,1.6386312674090253,0.10310745382881206,173,286,174
S2,buyer_role,other_officers,3,719,0.00709976054058625,-0.0014268025627725,0.49235048678720444,0.0035088246842279835,0.00017414295271032335,0.014025378128462176,2.0234013322179845,0.04457086830243131,173,286,174
S2,buyer_role,other_officers,5,719,0.012644000436982973,-0.005236584863876903,0.4728789986091794,0.004975165677367823,0.0028241610267514174,0.022463839847214527,2.541422991097745,0.011918601968823009,173,286,174
S2,buyer_role,other_officers,10,717,0.025872456957127428,-0.005962754241845225,0.4686192468619247,0.01410136340601197,-0.0019604099446265746,0.05370532385888143,1.834748613463644,0.06826043193928552,173,286,174
S2,buyer_role,other_officers,21,711,0.025156058573217836,-0.022915586718830094,0.44163150492264414,0.015681971443068925,-0.005797834781557924,0.0561099519279936,1.604138782202428,0.11051810126853444,172,284,173
S2,buyer_role,other_officers,42,708,0.019348454207859484,-0.039409053929110816,0.4435028248587571,0.016271915724857762,-0.012771232739659539,0.05146814115537851,1.1890704533518357,0.23606049617543745,171,283,172
S2,buyer_role,other_officers,63,704,0.029348865572195636,-0.039638297661101995,0.44886363636363635,0.01922022460406285,-0.00859217892054456,0.06728991006493583,1.5269782833854997,0.12862480771269358,170,282,171
S2,buyer_role,other_officers,126,689,0.015113802207157,-0.13512305824117476,0.39477503628447025,0.029386292367521227,-0.04290270134860872,0.07313030576292272,0.5143147021793505,0.6077119212650905,167,278,168
S2,buyer_role,directors_only,1,3668,0.0022805201744820034,-0.0015739999999999088,0.4820065430752454,0.0008975922113264117,0.0005106681515346235,0.004050372197429384,2.5407085151863984,0.011814237164462149,202,559,203
S2,buyer_role,directors_only,2,3667,0.003268499069815378,-0.0014718928820001143,0.4875920370875375,0.0013510177089067386,0.0006045929051073651,0.005932405234523391,2.419286622423544,0.016436869081924852,202,559,203
S2,buyer_role,directors_only,3,3667,0.0034729549938432016,-0.0028166378137882697,0.4755931278974639,0.0016502299574178798,0.00021906888430531842,0.006726841103381085,2.104527904266958,0.03656906908837099,202,559,203
S2,buyer_role,directors_only,5,3663,0.003932278646451672,-0.0056897142111713706,0.47338247338247336,0.0023498346577257713,-0.0007010721893606058,0.00856562948226395,1.673427802046902,0.09579093794015604,202,559,203
S2,buyer_role,directors_only,10,3657,0.012012597376578187,-0.009231488498967821,0.4629477713973202,0.0068383287217867,-0.0014710645459650971,0.02549625929912147,1.7566569062856585,0.08049152417826995,202,558,203
S2,buyer_role,directors_only,21,3644,0.0030804173703731937,-0.024518833809802798,0.4349615806805708,0.0063983096168978935,-0.00953600311389237,0.015696837854638757,0.4814423738166455,0.6307258498757878,201,557,202
S2,buyer_role,directors_only,42,3602,0.003967026540589632,-0.04666967228622071,0.42337590227651306,0.009969626601659645,-0.015692042506240254,0.023626095587419516,0.397911245736048,0.6911200124062187,200,555,201
S2,buyer_role,directors_only,63,3581,0.008162034775682636,-0.05973058746565396,0.41245462161407426,0.013732015614344246,-0.018916903280758374,0.03524097283212365,0.5943799515605491,0.5529331553148249,199,555,200
S2,buyer_role,directors_only,126,3516,0.01947907284323868,-0.12364875383197449,0.38310580204778155,0.02680746302113184,-0.03338736292946143,0.07234550861593879,0.7266287312560565,0.4683159329594999,197,545,198
S2,buyer_role,ten_percent_owners_only,1,1684,0.0006599067695961946,-0.0030470000000000774,0.45961995249406173,0.0020300170567675866,-0.003342834953428024,0.004662648492620413,0.3250744950128497,0.745461124322145,202,350,203
S2,buyer_role,ten_percent_owners_only,2,1681,0.005654568538790592,-0.0037161511910002165,0.46519928613920286,0.003585327937325085,-0.0014149000046446642,0.012724037082225848,1.5771412371860496,0.11632778112161349,202,350,203
S2,buyer_role,ten_percent_owners_only,3,1680,0.0064076691076900985,-0.001165966576250843,0.4886904761904762,0.003827617157578275,-0.0011395398407891928,0.013954878056169389,1.6740621759946903,0.0956660226410159,202,350,203
S2,buyer_role,ten_percent_owners_only,5,1675,0.009693382571340161,-0.003588901205365369,0.48059701492537316,0.005247452065813038,-0.0006537349795956004,0.02004050012227592,1.8472550963337429,0.06617993994182832,201,350,202
S2,buyer_role,ten_percent_owners_only,10,1666,0.011239100898196882,-0.00664526927297493,0.4765906362545018,0.0074995894387243495,-0.0035488633429236367,0.0260270651393174,1.4986288236211245,0.13553883086705765,201,348,202
S2,buyer_role,ten_percent_owners_only,21,1649,0.011958123213411906,-0.023352644941589062,0.44996967859308673,0.011151632749852005,-0.010031739293347839,0.03394798572017165,1.0723203930447407,0.28486834866358496,200,344,201
S2,buyer_role,ten_percent_owners_only,42,1614,0.00858029643216016,-0.039354001286165896,0.43370508054522927,0.01888220909176599,-0.02865459935623321,0.045815192220553524,0.4544116840598799,0.6500278068366854,199,339,200
S2,buyer_role,ten_percent_owners_only,63,1589,-0.002659146246853757,-0.06185567804669878,0.4122089364380113,0.023700484726946903,-0.04939691636152835,0.04407862386782084,-0.11219796883860224,0.9107801031106527,198,334,199
S2,buyer_role,ten_percent_owners_only,126,1550,0.028906473806642727,-0.12484815435234864,0.38064516129032255,0.044849436725419245,-0.059545767000219726,0.11735871461350518,0.6445225607540228,0.5199940955181206,195,327,196
S2,reported_dollar_tercile,low,1,2985,0.0010593035175879382,-0.002163000000000137,0.47537688442211057,0.0009581006164121315,-0.0008298576100897823,0.0029484646452656586,1.1056286776589168,0.2702023466323521,202,434,203
S2,reported_dollar_tercile,low,2,2983,0.002805934948989609,-0.002513965117000083,0.48072410325175996,0.0014391606984908057,-3.176956919727705e-05,0.005643639467176495,1.9497023174215977,0.052595717287507594,202,434,203
S2,reported_dollar_tercile,low,3,2983,0.0033987231458073868,-0.003739528757676802,0.47234327857861214,0.0017636952384743575,-7.889123886263474e-05,0.006876337530477408,1.9270467321482203,0.055376773582432405,202,434,203
S2,reported_dollar_tercile,low,5,2980,0.005671752945943888,-0.006588625671564596,0.47013422818791945,0.00265533703472222,0.00043601943220775586,0.01090748645968002,2.135982314778817,0.033884417746429425,202,433,203
S2,reported_dollar_tercile,low,10,2972,0.00925436833821197,-0.011248043421560328,0.461978465679677,0.007547537105038827,-0.005627694635444672,0.02413643131186861,1.2261441327706282,0.22157189288297635,202,432,203
S2,reported_dollar_tercile,low,21,2962,0.0053529133870513345,-0.03231780030316256,0.42336259284267386,0.009983870381635297,-0.014333646710392908,0.025039473484495575,0.5361561380942688,0.5924434894569169,201,430,202
S2,reported_dollar_tercile,low,42,2929,0.0031001515390784756,-0.05838008516515991,0.41720723796517584,0.015089343913641811,-0.026654468741310413,0.03285477181946737,0.20545303737664328,0.8374271497624144,200,429,201
S2,reported_dollar_tercile,low,63,2908,0.0027702461650498714,-0.07512394319199922,0.40096286107290235,0.019110007332158743,-0.03491385785425448,0.040454350184354226,0.14496311366600262,0.8848867101402675,199,427,200
S2,reported_dollar_tercile,low,126,2864,0.0032775820679580244,-0.19270373216715125,0.3467178770949721,0.03509898691066866,-0.06594039412535065,0.0724955582612667,0.0933811017480329,0.9256957045589784,197,426,198
S2,reported_dollar_tercile,middle,1,3882,0.0027318536836682104,-0.0020060000000000078,0.4726944873776404,0.0010590890179705376,0.0006435032941066502,0.004820204073229771,2.579437268552818,0.01060981299580558,201,543,202
S2,reported_dollar_tercile,middle,2,3880,0.004336067103431435,-0.0025853051949999983,0.4765463917525773,0.0015875845023686956,0.0012056100240664678,0.007466524182796403,2.7312354693321645,0.006870892665427155,201,543,202
S2,reported_dollar_tercile,middle,3,3880,0.006309208165212317,-0.0027223447369849607,0.477319587628866,0.002146480764025125,0.0020766990336116677,0.010541717296812966,2.9393266741329467,0.0036742508970759678,201,543,202
S2,reported_dollar_tercile,middle,5,3875,0.007321319856977727,-0.007982026954130528,0.4549677419354839,0.002823712864422549,0.001753419746251754,0.0128892199677037,2.5927989878938846,0.01021939642108248,201,543,202
S2,reported_dollar_tercile,middle,10,3864,0.012624255927860468,-0.01041530789322287,0.4601449275362319,0.005111025557164583,0.002546149147169942,0.022702362708550992,2.470004461269797,0.014344293291051524,201,542,202
S2,reported_dollar_tercile,middle,21,3841,0.01065262147464924,-0.023188745026129554,0.4420723769851601,0.006834308001183791,-0.0028239246640203667,0.024129167613318847,1.5586978919890744,0.12064886672664064,200,541,201
S2,reported_dollar_tercile,middle,42,3800,0.009477955895578984,-0.03971709864602124,0.425,0.009928071025151291,-0.010099768734240904,0.02905568052539887,0.9546623781767871,0.3409066816547941,199,535,200
S2,reported_dollar_tercile,middle,63,3771,0.013995444207454985,-0.06881812531144293,0.40705383187483424,0.014563613488394208,-0.01472425613207586,0.04271514454698583,0.9609870667474113,0.33773074448150553,198,534,199
S2,reported_dollar_tercile,middle,126,3686,0.03578527490643466,-0.1258704049982345,0.3822571893651655,0.030377435802664384,-0.024123318448314807,0.09569386826118413,1.1780215795335813,0.2402163194066566,196,531,197
S2,reported_dollar_tercile,high,1,4433,0.003049042409203696,-0.00043799999999993844,0.4928942025716219,0.0010342020154021979,0.001009886802318501,0.005088198016088891,2.948207761921575,0.0035707847891068207,203,626,204
S2,reported_dollar_tercile,high,2,4429,0.0059299411583657695,-0.0012351710689999518,0.48792052382027545,0.0016996860406586788,0.002578638155532463,0.009281244161199076,3.488845008144999,0.0005948133443704117,203,625,204
S2,reported_dollar_tercile,high,3,4428,0.007507422030611514,0.00048800756481970353,0.5040650406504065,0.0017222135810322028,0.004111701051814257,0.010903143009408771,4.359170147823342,2.0735646599167774e-05,203,625,204
S2,reported_dollar_tercile,high,5,4425,0.010106263293702383,-0.0011247603369026749,0.49310734463276834,0.002333000520128443,0.005506242194695074,0.014706284392709691,4.331873570755134,2.3233410360827115e-05,203,625,204
S2,reported_dollar_tercile,high,10,4413,0.012964994759760849,-0.0036346456574001262,0.4835712667119873,0.003018545527839074,0.00701327164758193,0.018916717871939766,4.295113206075202,2.7056267902811714e-05,203,623,204
S2,reported_dollar_tercile,high,21,4390,0.011476688582425312,-0.015868619097686,0.4580865603644647,0.004338896899715096,0.0029213498011618523,0.02003202736368877,2.645070589987723,0.008809684729812174,202,622,203
S2,reported_dollar_tercile,high,42,4346,0.009517308123188935,-0.03322928962147409,0.4408651633686148,0.007195513932601311,-0.004671068934141296,0.023705685180519166,1.3226724612495124,0.1874472323143739,201,618,202
S2,reported_dollar_tercile,high,63,4319,0.018073614216345072,-0.038659863422013885,0.4413058578374624,0.010986159162335177,-0.0035899515480794647,0.03973717998076961,1.6451258305367034,0.10151459782535344,200,614,201
S2,reported_dollar_tercile,high,126,4215,0.019095003080795515,-0.07830335079746642,0.41969157769869514,0.017872529672454843,-0.01614993780639034,0.05433994396798137,1.0683995735771388,0.28664114441644223,198,601,199
S3,seller_class,routine,1,4939,-0.0001961281635958721,-0.0004450000000000287,0.4913950192346629,0.0004448383307801262,-0.0010741373104364612,0.0006818809832447169,-0.4408976251032961,0.6598375854820476,173,174,204
S3,seller_class,routine,2,4932,-0.0007346745698467205,-0.0011456590720000936,0.48418491484184917,0.0006353843879236442,-0.0019887780626332116,0.0005194289229397705,-1.1562678967412847,0.24916583339053577,173,174,204
S3,seller_class,routine,3,4932,-0.0004943808285975909,-0.0014490049189131993,0.48073803730738035,0.0007733161499363753,-0.002020730079690546,0.0010319684224953643,-0.6392997594040499,0.5234735380634894,173,174,204
S3,seller_class,routine,5,4927,-0.0006990595659328279,-0.0028635780225467755,0.4729044043028212,0.0011656953463416535,-0.002999875628079616,0.00160175649621396,-0.5996931943896948,0.5494953484362778,173,174,204
S3,seller_class,routine,10,4905,-0.0008430140966588966,-0.005168186541015141,0.4636085626911315,0.001780903550451371,-0.004358110478292569,0.0026720822849747757,-0.4733631399888187,0.6365508796061,173,174,204
S3,seller_class,routine,21,4862,0.0003474136924307,-0.007483898734418293,0.46997120526532293,0.0036498376366921005,-0.006856826245038846,0.007551653629900246,0.09518606771384108,0.9242778399202374,172,173,203
S3,seller_class,routine,42,4768,0.00010233293139964412,-0.0154365059395829,0.4637164429530201,0.006708107538861297,-0.013140145162231049,0.013344811025030335,0.015255111938323988,0.9878466481190763,169,170,202
S3,seller_class,routine,63,4703,-0.002371828900082525,-0.025247595217321672,0.446098235169041,0.009308605129615516,-0.02074873929711903,0.01600508149695398,-0.2547996039209466,0.799189517675447,168,169,201
S3,seller_class,routine,126,4467,-0.02016702112225029,-0.057760978834766497,0.41258115066039847,0.016847546564536513,-0.053440861781511445,0.013106819537010869,-1.1970301459027366,0.23307647274880047,159,160,198
S3,seller_class,opportunistic,1,3473,-0.0005446757846242462,-0.0008350000000001412,0.48344370860927155,0.0005630647115049181,-0.001654881089201927,0.0005655295199534347,-0.967341361472426,0.3345244629010852,203,208,204
S3,seller_class,opportunistic,2,3472,-0.00046621490688681223,-0.0004200330575000466,0.4939516129032258,0.0009135464765449901,-0.002267471713635994,0.0013350418998623694,-0.5103351814677511,0.6103711222193451,203,208,204
S3,seller_class,opportunistic,3,3471,-0.0008280461978222718,-0.0011223970425249252,0.4828579660040334,0.0009855814880359943,-0.0027713357944773942,0.0011152433988328508,-0.8401600556361412,0.40180707904033686,203,208,204
S3,seller_class,opportunistic,5,3467,0.000872947572250719,-0.0018087586214090567,0.48197288722238246,0.0016027687327071307,-0.00228726174775239,0.004033156892253828,0.5446497391899335,0.5865922443674711,203,208,204
S3,seller_class,opportunistic,10,3450,-0.00031925914983875123,-0.005080123179603102,0.4643478260869565,0.0024086808852504084,-0.005068500651215473,0.0044299823515379705,-0.13254522497925697,0.8946843419858653,203,208,204
S3,seller_class,opportunistic,21,3435,0.001398376565206637,-0.0066839241502880675,0.47161572052401746,0.0036522416311876435,-0.005803030886511396,0.008599784016924671,0.3828817220814358,0.7022100579578868,202,207,203
S3,seller_class,opportunistic,42,3374,-0.002402583152344769,-0.018008662600336567,0.45346769413159455,0.0050268805436912,-0.012314769723605184,0.007509603418915647,-0.4779471347016674,0.6332072090631777,201,204,202
S3,seller_class,opportunistic,63,3335,-0.008367403186315259,-0.026219248143240614,0.44587706146926537,0.006988208563739107,-0.022147425263102472,0.005412618890471954,-1.197360254777256,0.2325833777944785,200,204,201
S3,seller_class,opportunistic,126,3222,-0.014775048429249163,-0.043780231247469714,0.44258224705152077,0.01473381310753584,-0.043830385392447976,0.014280288533949654,-1.002798686355824,0.31718194106931114,198,199,199
S3,seller_class,unclassified,1,21738,-0.00022103270770080128,-0.0010835000000000705,0.4819210598951145,0.0003032178922573122,-0.0008188931410552568,0.0003768277256536542,-0.72895667882696,0.46686832165329717,203,670,204
S3,seller_class,unclassified,2,21722,-0.0003529537389193464,-0.0016847880929999337,0.48020440106804163,0.0004780021850677808,-0.0012954396568231848,0.000589532178984492,-0.7383935679484341,0.46112811986134616,203,669,204
S3,seller_class,unclassified,3,21714,-0.001101713970261197,-0.0027531554279751624,0.4750391452519112,0.0006041920696915901,-0.002293010862162959,8.958292164056524e-05,-1.823449901988232,0.06970595298112785,203,668,204
S3,seller_class,unclassified,5,21686,-0.000902857065979773,-0.004474732336804843,0.4674444341971779,0.0009354316031777461,-0.002747265189411723,0.0009415510574521766,-0.9651769973482676,0.33560456028750885,203,668,204
S3,seller_class,unclassified,10,21621,-0.001493995052973148,-0.009462258549143732,0.45395680125803617,0.0016921789383603273,-0.004830496160707467,0.0018425060547611713,-0.8828824299283539,0.3783441084266931,203,667,204
S3,seller_class,unclassified,21,21484,-0.0030476456622533466,-0.017716883438581965,0.4454477750884379,0.003335227392960108,-0.009623971608416635,0.0035286802839099426,-0.913774475673299,0.3619247458786956,202,665,203
S3,seller_class,unclassified,42,21205,-0.00547163907185614,-0.03781646729224464,0.4213628861117661,0.0061355875245154064,-0.017570014543224915,0.006626736399512635,-0.8917873064304945,0.37357326684307324,201,658,202
S3,seller_class,unclassified,63,20950,-0.008989318431247914,-0.054651134147644775,0.4089260143198091,0.008444282258474444,-0.025640566728013063,0.007661929865517237,-1.0645449969683909,0.28836542123169184,200,651,201
S3,seller_class,unclassified,126,20298,-0.026370996274438886,-0.10395211223256029,0.384619174302887,0.01597125982738586,-0.057866599797070165,0.00512460724819239,-1.6511531688452428,0.10029246307145571,198,633,199
