signal,horizon,period,N,mean,median,hit_rate,clustered_se,ci_low,ci_high,t,p_two_sided,df,issuer_clusters,month_clusters
S1,1,2009-2025,3531,0.005350337864627582,-0.001278999999999919,0.48286604361370716,0.0013035842296604005,0.002780036268449244,0.007920639460805921,4.1043284683042005,5.872183359960837e-05,203,379,204
S1,2,2009-2025,3527,0.010216675327824208,-0.0008420411140002138,0.49588885738588034,0.002087848334721641,0.006100025413524976,0.01433332524212344,4.893399179393139,2.015719036731243e-06,203,379,204
S1,3,2009-2025,3527,0.01120999097805779,-0.0023905088139350994,0.48596540969662605,0.002337978633224268,0.0066001544396296725,0.015819827516485908,4.794736281485291,3.146210669954938e-06,203,379,204
S1,5,2009-2025,3524,0.014592296059654888,-0.005937396755956559,0.47474460839954596,0.0036289090849127496,0.007437107617579908,0.021747484501729867,4.0211247287298,8.16488606948488e-05,203,379,204
S1,10,2009-2025,3512,0.022563537633796482,-0.010767640800564582,0.46497722095671984,0.010762300768028983,0.0013433063566640237,0.043783768910928944,2.0965347577745486,0.03727354277999293,203,378,204
S1,21,2009-2025,3486,0.015191134414586948,-0.0341200112532728,0.4225473321858864,0.012478148123166803,-0.009412995857208313,0.03979526468638221,1.2174189843429766,0.2248651265604882,202,375,203
S1,42,2009-2025,3417,0.00583101431045348,-0.05983564383206008,0.4129353233830846,0.01711319868295725,-0.027913415600340233,0.03957544422124719,0.3407319939702734,0.7336612206170081,201,370,202
S1,63,2009-2025,3385,0.005856913239604265,-0.09428402168113292,0.3831610044313146,0.022005612611126733,-0.037535871166976646,0.04924969764618518,0.2661554278494762,0.7903936907371523,200,367,201
S1,126,2009-2025,3313,0.01464447296916162,-0.1876685197320671,0.3398732266827649,0.04088714513656905,-0.0659856918588837,0.09527463779720693,0.35816814600889685,0.7205990399500638,198,357,199
S1,1,2009-2019,1732,0.006558952655889145,-0.0016479999999999273,0.4815242494226328,0.0020672203174184247,0.0024694977549314864,0.010648407556846803,3.1728367802035065,0.0018810729613889308,131,207,132
S1,2,2009-2019,1730,0.012150907957422541,-0.0007861131520000564,0.49653179190751445,0.003134407039275079,0.005950303154753524,0.01835151276009156,3.876620938240614,0.00016672811640546106,131,207,132
S1,3,2009-2019,1730,0.013032744916587742,-0.0016251549077926364,0.49190751445086706,0.003096880098702686,0.006906377354017723,0.01915911247915776,4.2083466266734995,4.742268642828053e-05,131,207,132
S1,5,2009-2019,1729,0.019065035998111133,-0.003588901205365369,0.48293811451706187,0.005033825231679998,0.00910692892514772,0.029023143071074543,3.787385362154962,0.00023099015931645386,131,207,132
S1,10,2009-2019,1728,0.019220414376784775,-0.007835380694580618,0.4739583333333333,0.0063377416913787095,0.006682849511333468,0.031757979242236084,3.032691345393658,0.0029227956930026706,131,206,132
S1,21,2009-2019,1722,0.016826305269693424,-0.026590990719035923,0.429732868757259,0.012022876294627654,-0.006957811968508452,0.0406104225078953,1.3995241119807704,0.1640194209940491,131,205,132
S1,42,2009-2019,1690,0.02670041097167955,-0.0389108582320441,0.4414201183431953,0.02039578458192534,-0.013647316125735942,0.06704813806909504,1.309114188004385,0.1927873306933377,131,204,132
S1,63,2009-2019,1671,0.03428768833761078,-0.06241776921320619,0.419509275882705,0.028461589819069585,-0.02201612552969545,0.09059150220491702,1.2047003893871608,0.2304909102798436,131,203,132
S1,126,2009-2019,1651,0.09886260673699039,-0.11722489785352508,0.4064203513022411,0.05625135790317174,-0.01241599735002974,0.21014121082401052,1.7575150258091106,0.08116600866945017,131,199,132
S1,1,2020-2025,1799,0.004186735408560309,-0.0008879999999999999,0.4841578654808227,0.0016279119926273502,0.0009407710874246482,0.00743269972969597,2.571843826645183,0.012209952854744636,71,265,72
S1,2,2020-2025,1797,0.00835455932937951,-0.0009787543980002145,0.4952698942682248,0.0027152827558513466,0.002940439286524126,0.013768679372234895,3.076865314072984,0.0029708973299864528,71,265,72
S1,3,2020-2025,1797,0.009455197258716215,-0.002600564856963472,0.4802448525319978,0.0034711084037697486,0.002534003677946311,0.01637639083948612,2.723970605022745,0.008113540258588372,71,265,72
S1,5,2020-2025,1795,0.010284013411414859,-0.007656822650957462,0.4668523676880223,0.004961855558119278,0.0003903544290949721,0.020177672393734747,2.072614426388678,0.041839905712149114,71,265,72
S1,10,2020-2025,1784,0.025801719802023063,-0.015884879486209036,0.4562780269058296,0.020377732886468238,-0.014830325538679964,0.06643376514272609,1.266172245252886,0.20959004797997352,71,265,72
S1,21,2020-2025,1764,0.013594896198887782,-0.04263558760039071,0.4155328798185941,0.021697801996494473,-0.02968000534678373,0.056869797744559296,0.6265563765898589,0.5329881223145639,70,263,71
S1,42,2020-2025,1727,-0.014591267309391375,-0.07921265542773304,0.3850607990735379,0.026219310655395442,-0.06689736088864486,0.0377148262698621,-0.556508426219389,0.5796638010225358,69,259,70
S1,63,2020-2025,1714,-0.021860604373446436,-0.12471607791036343,0.34772462077012833,0.03189592732304145,-0.08550793638571992,0.041786727638827056,-0.6853729052001711,0.4954385126476034,68,257,69
S1,126,2020-2025,1662,-0.06901626039466828,-0.2601360611193104,0.27376654632972325,0.05262334447089871,-0.1740821575715355,0.03604963678219894,-1.3115141405129624,0.19422829125988378,66,251,67
S2,1,2009-2025,11300,0.0024144674336283164,-0.0013845000000000107,0.4813274336283186,0.0006162978374198004,0.0011993013713217473,0.0036296334959348853,3.9176957747194985,0.00012212282669694894,203,722,204
S2,2,2009-2025,11292,0.00455700971524548,-0.0019076001220001415,0.4821112291888062,0.0009774100907372547,0.0026298318166625484,0.0064841876138284115,4.662331357565742,5.659384300951711e-06,203,722,204
S2,3,2009-2025,11291,0.00601018364861527,-0.0017048536870738484,0.48649366752280576,0.0011645373518534576,0.003714043402228578,0.008306323895001962,5.161005474877697,5.83258646741809e-07,203,722,204
S2,5,2009-2025,11280,0.0079780277747637,-0.004481312792639358,0.47393617021276596,0.0017483844369569226,0.004530705226059308,0.011425350323468092,4.5630855583738335,8.718917805994613e-06,203,722,204
S2,10,2009-2025,11249,0.01186759974053191,-0.007786417834031445,0.4698195395146235,0.0040023479183507425,0.003976094911819833,0.019759104569243985,2.9651594470633182,0.0033875782096173704,203,720,204
S2,21,2009-2025,11193,0.009573368302816129,-0.022449634760658643,0.4434021263289556,0.005034000905133515,-0.00035256083632337516,0.01949929744195563,1.9017414742721857,0.05862800971962453,202,719,203
S2,42,2009-2025,11075,0.007806663418920102,-0.040828262180816366,0.4291647855530474,0.007755735712447744,-0.007486379395803258,0.023099706233643463,1.0065664571822142,0.3153533587085567,201,716,202
S2,63,2009-2025,10998,0.012628899413954547,-0.05757406250518515,0.41889434442625934,0.011469681858461575,-0.009988122929001808,0.0352459217569109,1.1010679781530102,0.27219045726439534,200,713,201
S2,126,2009-2025,10765,0.02060166802910386,-0.12570257510923066,0.38745935903390616,0.020588248971291065,-0.019998718780277838,0.06120205483848555,1.000651782375058,0.3182165107893643,198,704,199
S2,1,2009-2019,6811,0.0028360571134928773,-0.0010779999999999124,0.48392306562912935,0.0008846529127254447,0.0010860026277139088,0.004586111599271846,3.2058416048792893,0.0016921121637315819,131,482,132
S2,2,2009-2019,6808,0.005337890449887924,-0.0011453643045000739,0.48722091656874267,0.0013620948196160717,0.002643341983663404,0.008032438916112444,3.9188831592447393,0.0001426126454450413,131,482,132
S2,3,2009-2019,6807,0.0068298121801667906,-0.0004940924634611044,0.49522550315851327,0.0015437577095448454,0.0037758911839406778,0.009883733176392902,4.424147738948272,2.0169419369811785e-05,131,482,132
S2,5,2009-2019,6802,0.009486253358430312,-0.0024864423071040975,0.48324022346368717,0.0022755159330466357,0.0049847400430881915,0.013987766673772432,4.168836271662307,5.528598349248587e-05,131,482,132
S2,10,2009-2019,6794,0.011907155866273464,-0.004434974890646981,0.4788048277892258,0.0030974061260896834,0.005779747696053806,0.01803456403649312,3.844234621342871,0.00018778415420530594,131,481,132
S2,21,2009-2019,6773,0.014662604793374681,-0.014005825884809253,0.46080023623209804,0.005104560867697387,0.0045645657591460494,0.02476064382760331,2.872451749211647,0.004752662106309664,131,480,132
S2,42,2009-2019,6716,0.019645422800734818,-0.027007303211096234,0.45190589636688505,0.008300550236261021,0.00322495442670415,0.03606589117476548,2.366761508762832,0.01940899999098594,131,478,132
S2,63,2009-2019,6672,0.023884534298713875,-0.03915816177216591,0.443794964028777,0.011619764630088628,0.0008978680909087003,0.04687120050651905,2.05550930324926,0.041816558209820914,131,477,132
S2,126,2009-2019,6561,0.04602900922714786,-0.08760217935298475,0.4191434232586496,0.025043070248974376,-0.0035121574795481322,0.09557017593384384,1.8379938549680404,0.06832876677715706,131,472,132
S2,1,2020-2025,4489,0.001774804410781908,-0.002163000000000137,0.4773891735353085,0.0009339461183588967,-8.743125784497932e-05,0.0036370400794087957,1.9003284835109582,0.061450623571777746,71,523,72
S2,2,2020-2025,4484,0.003371408457117522,-0.0038776446460001557,0.47435325602140943,0.001612185347014451,0.00015680217670015987,0.006586014737534884,2.091204006636653,0.04008904454983848,71,523,72
S2,3,2020-2025,4484,0.004765934894317498,-0.004055784415307018,0.47323818019625336,0.002172538167505304,0.0004340168238288096,0.009097852964806186,2.193717452517834,0.031530900272914324,71,523,72
S2,5,2020-2025,4478,0.0056870607314183875,-0.009051389009571198,0.4598034836980795,0.0029840011170466285,-0.00026286850556067436,0.01163698996839745,1.905850738101289,0.0607183492916915,71,523,72
S2,10,2020-2025,4455,0.011807275538895965,-0.014945050596934406,0.45611672278338944,0.009054333603210691,-0.006246552899487775,0.029861103977279705,1.3040468858701069,0.1964295890731551,71,521,72
S2,21,2020-2025,4420,0.0017748617981661026,-0.03514867449155695,0.4167420814479638,0.010178401048096562,-0.018525318990648416,0.02207504258698062,0.17437530607992846,0.862073865599961,70,520,71
S2,42,2020-2025,4359,-0.010433554064050228,-0.0669502743116468,0.394127093370039,0.01362798650677641,-0.037620643262887124,0.016753535134786668,-0.7655976221331173,0.44652675644462403,69,518,70
S2,63,2020-2025,4326,-0.004730692807754706,-0.08598106959304147,0.3804900601017106,0.020118517006448376,-0.04487656844056538,0.03541518282505597,-0.2351412286620543,0.8148057947032024,68,516,69
S2,126,2020-2025,4204,-0.019081677736920565,-0.18620533487803026,0.33801141769743104,0.03184797895993541,-0.08266821934386945,0.04450486387002831,-0.5991487799249433,0.5511248287694555,66,510,67
S3,1,2009-2025,30150,-0.0002542336650082932,-0.0009120000000000239,0.4836484245439469,0.00022482842262126502,-0.0006975321035604683,0.0001890647735438819,-1.1307897019611386,0.25947780250360347,203,670,204
S3,2,2009-2025,30126,-0.00042849944406828257,-0.001472137119000072,0.48244041691562106,0.00037145690250109067,-0.001160908020120741,0.0003039091319841758,-1.1535643601804504,0.25003519427083354,203,669,204
S3,3,2009-2025,30117,-0.000970715932846434,-0.002258459313946304,0.47687352657967264,0.0004790602012557165,-0.0019152879612100023,-2.614390448286573e-05,-2.0262921659991493,0.0440431679434081,203,668,204
S3,5,2009-2025,30080,-0.0006647977254386689,-0.0037091616934782357,0.4700132978723404,0.0007167396221881767,-0.00207800674794614,0.0007484112970688025,-0.9275303120665616,0.35475273979374733,203,668,204
S3,10,2009-2025,29976,-0.0012522716590401659,-0.00810823103185121,0.4567320523085135,0.00124807206782219,-0.0037131188794032694,0.0012085755613229377,-1.0033648627561258,0.3168793516700708,203,667,204
S3,21,2009-2025,29781,-0.001980560442354791,-0.014728841103721413,0.4524696954434035,0.0025104903259841847,-0.006930688491557701,0.002969567606848119,-0.7889137918021468,0.4310873365074155,202,665,203
S3,42,2009-2025,29347,-0.0042131903996254225,-0.03121726432760996,0.4319351211367431,0.004523730787606593,-0.013133247913461956,0.004706867114211112,-0.9313530352354432,0.3527882725289523,201,658,202
S3,63,2009-2025,28988,-0.007844150064788646,-0.04565603592850087,0.419207948116462,0.0061156253661073644,-0.019903528629361435,0.004215228499784141,-1.2826407105086457,0.2011025098710292,200,652,201
S3,126,2009-2025,27987,-0.024045798826980144,-0.08764484851654164,0.3957551720441634,0.01156373550587535,-0.04684968735361472,-0.0012419103003455702,-2.07941446038461,0.03886728986127492,198,634,199
S3,1,2009-2019,15507,-0.0005671817243825376,-0.001142999999999894,0.4772038434255498,0.0002745334211666065,-0.0011102743184358344,-2.4089130329240814e-05,-2.0659842505599024,0.04080073306059229,131,425,132
S3,2,2009-2019,15502,-0.0009052413052408741,-0.001760599437000132,0.4758740807637724,0.00044288525688468324,-0.0017813739888586327,-2.9108621623115524e-05,-2.0439635123744417,0.04296124154340818,131,424,132
S3,3,2009-2019,15498,-0.0016687975481773985,-0.0027664884029121595,0.46915731062072524,0.0005319284735597439,-0.0027210789546771004,-0.0006165161416776964,-3.1372592954266176,0.0021065997225585492,131,423,132
S3,5,2009-2019,15491,-0.0018585876099525829,-0.004118009227441655,0.4623329675295333,0.0008252870376632755,-0.0034912022337695676,-0.00022597298613559816,-2.2520499233999884,0.025983472694769028,131,423,132
S3,10,2009-2019,15475,-0.0023808066809975293,-0.008578203441829912,0.4496284329563813,0.0014973386713163263,-0.0053428997468468655,0.0005812863848518065,-1.5900255076592238,0.11423952786162578,131,423,132
S3,21,2009-2019,15438,-0.0032351713206221853,-0.014445602606914631,0.45044694908666927,0.002811901138090155,-0.00879778252044413,0.002327439879199758,-1.1505281166533172,0.2520222647449521,131,422,132
S3,42,2009-2019,15325,-0.007450633915913975,-0.03041707136286842,0.4311256117455139,0.0050338831306381,-0.017408855526827686,0.002507587694999735,-1.480096721071378,0.1412483912448105,131,417,132
S3,63,2009-2019,15223,-0.008355789808744513,-0.041504089899462526,0.42153320633252317,0.006858205597595138,-0.021922956431741594,0.005211376814252568,-1.218363854777773,0.22527541298985324,131,413,132
S3,126,2009-2019,14891,-0.024915842355075938,-0.08287848746177806,0.3931905177624068,0.012017440038583712,-0.048689205382062666,-0.0011424793280892104,-2.073306983440738,0.04010322630603357,131,405,132
S3,1,2020-2025,14643,7.717967629583906e-05,-0.0005459999999999354,0.49047326367547633,0.0003322892405556205,-0.0005853862511165,0.000739745603708178,0.23226655237704058,0.8169991852844468,71,500,72
S3,2,2020-2025,14624,7.686518475403109e-05,-0.0009646071450000182,0.48940098468271337,0.0005721517323039933,-0.001063972967274902,0.001217703336782964,0.13434405667969104,0.8935106197829844,71,500,72
S3,3,2020-2025,14619,-0.00023066060249556965,-0.0015043343159587552,0.4850536972433135,0.0007808793199661679,-0.0017876897436299118,0.0013263685386387726,-0.29538572298926186,0.7685613514351652,71,500,72
S3,5,2020-2025,14589,0.0006028010888052846,-0.003187483795739743,0.4781684831037083,0.0011288492837554004,-0.0016480604538360803,0.002853662631446649,0.5339960767835326,0.5950122861473051,71,500,72
S3,10,2020-2025,14501,-4.7935443276411285e-05,-0.007323230287214599,0.4643128060133784,0.00204411321066463,-0.004123781422806777,0.004027910536253955,-0.023450483577093752,0.9813567190228042,71,496,72
S3,21,2020-2025,14343,-0.0006301677254411737,-0.014956608006465144,0.45464686606707105,0.004237626251485469,-0.00908184678721961,0.007821511336337263,-0.14870771701970484,0.8822118453814011,70,494,71
S3,42,2020-2025,14022,-0.0006749061400959621,-0.03253771680554485,0.43281985451433463,0.007599013874894072,-0.015834524029152173,0.014484711748960249,-0.08881496352122006,0.929486248299826,69,490,70
S3,63,2020-2025,13765,-0.007278317022853297,-0.051304662794228295,0.4166363966581911,0.010305632623290205,-0.027842886741358736,0.013286252695652144,-0.7062465050815678,0.4824476893757418,68,485,69
S3,126,2020-2025,13096,-0.023056502997957966,-0.0941071125170369,0.39867135003054366,0.019322137441677413,-0.06163439511211733,0.0155213891162014,-1.1932687606406116,0.23703599233190795,66,469,67
