period,horizon,N_SSN,N_SSS_only,SSN_mean,SSS_only_mean,difference,clustered_se,t,p_two_sided,df,SSN_t_vs_zero,SSN_p_vs_zero,SSS_only_t_vs_zero,SSS_only_p_vs_zero
2009-2025,1,2933,1515,0.00034442652574155966,0.001237793399339935,-0.0008933668735983754,0.0014292894041481327,-0.6250426757559494,0.5326484773308668,202,0.2764989963104531,0.7824475325894158,1.6206373082094765,0.10665541445538186
2009-2025,2,2932,1515,-0.0003560310067087438,0.00208088908955181,-0.0024369200962605538,0.0019206520105606284,-1.268798347051546,0.20597311739343205,202,-0.3177417919502577,0.7510090227757038,1.319501459866174,0.188495107122591
2009-2025,3,2931,1514,2.6451567169758056e-05,0.0022370973906719977,-0.0022106458235022397,0.002403937964316957,-0.9195935403975208,0.3588820272114721,202,0.020207188453106557,0.9838980393561954,1.0451918491176952,0.2971834303094002
2009-2025,5,2929,1513,3.561144162325255e-05,0.0015357176439073023,-0.0015001062022840497,0.0025659679889093673,-0.5846161015132738,0.5594582597471225,202,0.01879321368330656,0.9850246172206225,0.6544931484363594,0.5135386401952109
2009-2025,10,2920,1511,0.001218317242898198,0.00482846738332652,-0.003610150140428322,0.003420942593481412,-1.055308600415407,0.29254475505718197,202,0.47376810716052625,0.6361769278544185,1.4767601121473162,0.1412972222976119
2009-2025,21,2882,1497,0.008693571306914203,0.01032328875810043,-0.0016297174511862265,0.006551284294601475,-0.24876304826660933,0.8037980704330818,201,1.931410739565327,0.05483864861312743,1.9044463951696546,0.05828010378057173
2009-2025,42,2847,1480,0.009019064297107618,0.0009156489050593648,0.008103415392048254,0.009691744165700643,0.8361152805422238,0.40408787364257825,200,1.266894196173304,0.20666644256703742,0.10656577382953353,0.9152402870654448
2009-2025,63,2805,1460,0.008365341568971325,-0.0007575429306813697,0.009122884499652695,0.011467206987427935,0.7955629046946274,0.42723405426757577,199,0.9483747969873394,0.3440889424256153,-0.0808644436323195,0.9356310251838628
2009-2025,126,2648,1394,0.0036145276445994786,-0.009694161530911106,0.013308689175510586,0.01993574740684724,0.6675791433302125,0.505187532379216,196,0.21110081636027975,0.8330279261695609,-0.6249010929224443,0.5327665092842464
2009-2019,1,1457,723,-8.723404255323873e-06,0.0010417053941908674,-0.0010504287984461913,0.0012389369338549898,-0.8478468675380838,0.3980697019967371,131,-0.009752505606616176,0.9922335860446628,1.0102860471253774,0.3149795973040645
2009-2019,2,1456,723,-9.214105658654492e-05,-0.00043382700085477406,0.00034168594426822914,0.001672863367135491,0.2042521529139055,0.8384734409800789,131,-0.0823506024854618,0.9344936110060771,-0.2302778868658994,0.8183816202026188
2009-2019,3,1456,722,-0.0006125724563035689,0.0010787164925798545,-0.0016912889488834232,0.002534473131234494,-0.667313820785951,0.5057454943477617,131,-0.4950369881990382,0.6214033058422768,0.41591974567437606,0.6784269296163835
2009-2019,5,1455,721,-0.000847286102114452,-0.00011113173023097973,-0.0007361543718834723,0.0030362331392313306,-0.24245647093814449,0.808805664599963,131,-0.4404514809307517,0.6603360735247786,-0.03696070725973542,0.9705955565347402
2009-2019,10,1453,720,0.0003130673007270504,0.0011059182106587242,-0.0007928509099316737,0.003983143975447335,-0.19905153185998783,0.8425310483211039,131,0.11251174731654513,0.9105898819312813,0.34019603326137504,0.7344761048194777
2009-2019,21,1441,719,0.004666134609539499,0.002617686845255681,0.002048447764283818,0.007772078224653896,0.26356499575440634,0.7925292662355837,131,0.9346116386290035,0.35170806470502747,0.3989511545172624,0.6908437870475157
2009-2019,42,1431,716,0.004345468472550872,-0.004460880688472822,0.008806349161023692,0.012109104837999483,0.7272502202960999,0.4683703811372085,131,0.6114013638405921,0.5419934338024628,-0.433406716451854,0.6657229487838368
2009-2019,63,1416,712,-0.003428027825179865,-0.00454177867948715,0.0011137508543072852,0.014690203402235553,0.0758158906184917,0.9396812354135604,131,-0.3860540490563246,0.7000829029967675,-0.38735028287828205,0.6993819519061273
2009-2019,126,1372,701,-0.01717364672636395,0.0028212920056230194,-0.019994938731986968,0.025907793208563765,-0.7717731329342896,0.4416387952320162,131,-1.0280963128537512,0.3057990786794474,0.13371500152795487,0.8939200079137503
2020-2025,1,1476,792,0.0006930304878048793,0.0014167979797979854,-0.0007237674919931061,0.002625027333874165,-0.2757180783047043,0.7835769250441802,70,0.2959804549569718,0.768121301703911,1.2316917487204162,0.22218599029859373
2020-2025,2,1476,792,-0.0006163452122493408,0.004376520066021457,-0.004992865278270798,0.0033405726971769854,-1.4946135680537993,0.1395098727774717,70,-0.30822121910226014,0.7588293453415477,1.7829850195150156,0.07892421753067026
2020-2025,3,1475,792,0.0006572440947474965,0.003293096138680239,-0.002635852043932742,0.0038281010107966617,-0.6885534202202773,0.49338009718461395,70,0.280711827288164,0.779759445788747,1.0323428300850677,0.305465157863179
2020-2025,5,1474,792,0.0009071283521648807,0.003034932793848845,-0.002127804441683964,0.0041689655719827365,-0.510391464008179,0.6113829944939304,70,0.27290852855226827,0.7857270380276298,0.8693477149077248,0.3876281280986821
2020-2025,10,1467,791,0.002114928126316519,0.008216881295236523,-0.006101953168920004,0.005958613122570325,-1.0240559411059478,0.309334839319566,70,0.4634631876033103,0.6444702558348405,1.4810847414911863,0.14307142222771663
2020-2025,21,1441,778,0.012721008004288912,0.01744453268526672,-0.004723524680977809,0.010689925750209054,-0.44186693073012545,0.6599672965041219,69,1.653407371540166,0.10279106342102114,2.1716772833557005,0.03332045630160765
2020-2025,42,1416,764,0.013742168552009248,0.005954386063395811,0.007787782488613437,0.014950125251077001,0.520917541346512,0.6041164589162513,68,1.0823269112653,0.2829304736687299,0.4562805452027321,0.6496422588483615
2020-2025,63,1389,748,0.020387955724563894,0.002844563824866384,0.01754339189969751,0.017862609831338284,0.9821292669629531,0.32956946263457887,67,1.307448902785515,0.1955292566872224,0.20061608190357022,0.8416065230923473
2020-2025,126,1276,693,0.02596670259519652,-0.02235409360754952,0.04832079620274604,0.03127322765595093,1.545117016201273,0.12724874567094913,64,0.8506280718272323,0.3981472885861139,-0.9611707296678128,0.3400837756952042
